Modelo,MSE,RMSE,MAE,R²,MAPE (%)
Lineal,187.46193280441926,13.691673849621866,12.314834973576696,0.9879657399245056,5.195624354640751
Red Neuronal Media,138.73014231752717,11.778376047551172,9.542716518553705,0.9910941139463163,4.0235533789877245
Red Neuronal Compleja,452.33972212436703,21.26827971708965,16.62999950033414,0.970961710587926,6.055300752697326
